group_id,image1,image2,id
1,00/00f348ff7170b0ed4ec79065e05eedd9.jpeg,cb/cb1cca91e0d37d91340760763f64d0be.jpg,0
2,01/012fc0bc0c934d2831c88f9d1fa95c53.png,b5/b51ebd1346b28c1462d67900a035fa4c.jpg,0
3,01/0191e75f6196b172b811c93f7e47fa9b.png,7e/7e71c53dae64a2e61ca0e2a8d2c177bd.jpg,0
4,03/0349c1af5ac698a5902da5dc2e77f7ea.jpg,1a/1a3ec3b4c69afa779855f303fd81f960.jpg,1
5,03/039be81faf93771cdd3f44c24e20ca25.png,37/37780932f10d3f61ef8e526ae16a9d16.png,1
6,04/044bda2b495ba7b3e5892160cff13f82.png,1e/1ebc25fe4f25d20ef9d1f2f1bf670168.jpg,0
7,05/051e9ece62205a5ce764c0300afca659.jpg,43/4350e75e4f16c18d2a6eca74d60f686d.jpg,1
8,05/052b0a432eb26b33d92335fc26f8ce4a.jpeg,88/882a4b0bc318cac47eea6593b6734d97.jpg,0
9,05/052b73d1c41cf354cf52f154a37ffe95.jpg,5b/5b6e8a22b20a5052733394318a70faac.jpg,0
10,06/06433a63efd3d282157dd28a059aac49.png,83/83942a71260811572d39fb35295b7459.jpg,0
11,0e/0e2d88a962ef9c0a4eebd12dd4ec7ac3.jpg,41/414bcea4f53a5d85dbc0b7633a3531bb.png,1
12,0f/0fc57adc556bdce00f09d9f3c3987031.png,dc/dcb04e1d8e2b0bdd6450e306b1ac3459.png,1
13,10/10214b5f635819ac624856267ff62c9a.jpg,be/bef163671ae46943c1cabb23d1ab10e8.jpg,1
14,10/10973d642a6e943fddb4828914f38308.jpg,0c/0cddc1953ca67169232035cc1c69bb1b.png,0
15,12/12475c9289a9d9147b4f010a936e862c.jpg,f7/f774c11acc54e37fb076969934fcca0b.jpg,0
16,12/12c37454b63f6895f9398c99798f8649.JPG,6c/6c68e3baa6578adf6260ac429c8f99d2.jpg,0
17,13/13bbe7b17c93ccd0b74e48e9f4f7f204.jpg,30/30418b3d8505a1df718d25b86e8ea772.png,0
18,15/1507d8f1dbea7c03f61dddd0f8e717a9.jpg,1d/1d905b426b1a8f492ffa0282a2ec72d4.jpg,1
19,15/1521db8eef41f91303c1a721064153cf.jpg,44/445aeeb933b9d0db3e3ec643fec6665b.png,0
20,17/17dc394cbb1dbb7e7638754544d6b98a.jpg,8e/8ebc89f9007311fc2e6441efa8a4793a.png,0
21,18/18f71cbc787ceb61ad38b9d44ca1da84.jpg,97/971b18f39cf38d565969f5b6bc15a8e7.JPEG,1
22,19/192c717935e4318f0596172e6253c3af.png,a5/a5fefd586d04aa609606337388a00f6f.jpg,1
23,1c/1c078cf37b65f06f8c02e69cc51b8675.jpg,71/714f1e2c22c5cd3b224953bb869ebffb.png,1
24,1d/1d2449199c4af2d061d63515802dc528.jpg,6f/6fe3d43974ccc64c08e05a1bf1fe5785.jpg,1
25,1f/1ff05ad05b837d76395ee84b41d22119.png,3f/3fa16b4b0c16382bde8ce3783ca40815.png,0
26,20/2093ba774378b10353f2b150846f7cc9.png,3e/3e1abe5c0bd4ea279ae7a7a46017b175.png,1
27,21/210a038195d6d9bb68258c65aa358b9a.jpg,0a/0a45a628d6b45305761abf84cb7e86c5.jpg,1
28,21/21472a365aef015dd80d41fe986032a5.jpg,f8/f893901439272deef2b0b47764657ed9.jpg,1
29,21/2179f363c6de3cfbe39663e7f346b9b8.jpg,f0/f018b23a5327210ee80bfa3bd505e8a5.jpg,0
30,24/24b85469b5bb99e25fbe51ad52a4cf1d.jpg,6c/6cd1aa0bf0293ebbf3364b84e556af11.png,1
31,25/25ba5741a873cbeb4a4afb8a8d9d262f.png,37/375536839a1609057803a3ba56162195.png,0
32,27/2708f32ed63bc97fc5eb15578d5357eb.jpg,1a/1ae340cf83dd7cc51072fc9553d203ba.png,1
33,29/290f94d481d4bc97fb93ca48d31b8a7e.jpg,98/98310971c3724e090ea9f782328381a6.jpg,0
34,2a/2a2bd98271a6c8b8248171a0e9d27789.jpeg,bf/bf147d4a83b8c76e48994da455eedb7f.jpg,1
35,2a/2af8365fafdbf54fc761ceefdbeb2603.png,ca/ca224153981c81b2ad75b44b4c06aa37.jpeg,0
36,2c/2c2641916369b765d26ab64245379b61.jpg,a5/a5201594e591cd0bb5227687943228e4.jpg,1
37,2c/2c362528a7676af998db209ab4b895a1.jpg,47/47dbcd7ce1132fb24015d5f8582add30.jpg,1
38,2d/2d7fdf3c684514f62b817c2070985c06.jpg,10/105bebfd4f00292c4364cd836f7d1f29.png,0
39,2d/2ddc9badc9e25c04c453061811a79301.jpg,26/26629ccf07ad83099f35fdfdcb23d1d0.jpg,1
40,2e/2e48df5197223c84306f6ab3798f9858.jpg,e9/e92368ce82f1e4937cc9b678f7889def.png,1
41,2e/2ed8b7480ff8bea81e5f9f784ad54491.png,9e/9edb5e6efb831d9934911ccab7fef102.png,0
42,32/32db58213e8e385e3bf1a2d546cedc3d.jpg,c8/c8143077cf9ee5a8da42692b46666304.jpeg,1
43,33/332b3be08eabd9759e12fbeb77fb55a1.jpg,6e/6e81a507fc5079ebef539ab0c783f127.jpg,1
44,33/336e6a87b00108151293542a9c483459.jpg,e1/e179eecc8f838ba37508a2ca0cf69634.jpg,1
45,33/3379bc37a4329c896822668d6f6115c6.jpg,dc/dc38a4ed6e87fd1cc4deab50ba5d6391.png,1
46,33/3393d414936348483affee53b088e5c2.png,67/676e3cc7cc1f6f66ea24220515ac7b08.jpg,0
47,35/354e5fe46f66214da778340001ba77d3.jpg,fe/fe9759f9dc367276d813d2eb02415b6d.png,0
48,38/387050563c7d62529ea802fa1e6cdce7.jpg,3b/3ba101068061f153ce178dc2aa6e4422.jpg,1
49,39/391481f6bced113045d06beab277969e.jpg,7a/7a8867e328adef57a55c7871c7b1780a.jpg,0
50,39/3955efe63d6823c5b72b49d2da05e3c8.png,fd/fd3131b5fc9e0bca0d3a2ba9f46f0be3.jpg,0
51,3a/3a9f8d33f12de729047e553027872826.jpg,47/47954a53aff8461c51041bec799973df.jpg,0
52,3c/3ce9397714c59832d7f22e7230680ace.jpg,36/364ccb47605664e212a6c3b84289db0a.jpg,0
53,40/40395b6a89073667bb3e54878670af19.jpg,ce/ce41d9c1d6bd0b8a9f1228fc9d18b183.jpg,1
54,40/406d8631e9980c016a9223da52d3510e.jpg,50/505b8e534fdc1c6f92f619dc9c21c74c.png,0
55,40/407f0077d7611129c187a657efaa6fa5.png,4b/4be42ed841b7f0e469efc1c09fa71355.png,0
56,41/41941eb7f5cb510de3ea32b03e852a99.jpg,f1/f12ceb50a0c5de997ec5320c1b12f281.jpg,1
57,43/43b2b5a52382719c68bd69520120163e.jpg,ac/acca61d1e524c6e18ebd75cbd3f7757b.png,0
58,44/4410ef9b8091476a13a3c13e124dd59e.jpg,9d/9d76ebe501d8b8be8d7e7b9b712538c4.jpg,1
59,44/44201f1be68ab1ec2a45353a3a5a7e46.png,43/43d29b5882e4842c95e0e5c6a38e43f6.jpg,1
60,45/452bc145e74675832ad216ac2511e0db.jpg,20/2020233f444c57730109637364f40732.jpg,1
61,49/490525f493104f58a782946aa78b9b82.jpg,b5/b552a13944c1a92dde170fcccbfef7d2.jpg,0
62,49/49347fbce71018b37c6868b6f09b7e57.jpeg,23/2380d1ffa890bbae98e0d64603896ca9.png,0
63,4c/4c202b70a36fb834e2bd1d2de5b66217.jpg,65/65ab4dac459136e9ce3d4395e5b62400.jpg,0
64,4d/4d1037e4ca5a976ad054b62670bd4ddd.png,6e/6ee9b19e1e990a71e055b535d4943329.png,0
65,4d/4d1da23e465b685cf96bdd1986becc55.jpg,5d/5d121c40029bfe63a0c5f133b755baf1.jpg,0
66,50/5068cff1d62ba473e40c7392d0cb24ac.jpg,94/9425bfce132425372201aae13079a0da.png,0
67,52/52bd5ce4a7d9fd148ccc830c9ce77106.png,3b/3b1c802f632be0c1b87ea32ec46ba726.png,1
68,54/5481311ebbe7b41dea4af3e437c6a0b4.jpg,bf/bfa7c035e09f702e0384b0694d0dd9f6.jpg,1
69,55/552d5644b01503c915e3d62ee111c511.jpg,2d/2d5a03d532f32b43f0fba45589dd6a71.png,1
70,55/553b702c6b60010ca11285664b57c42b.jpg,b5/b594cdc88934f5e2b9d37a0a0b1b57b6.png,1
71,57/573614de569f8cc11188061c3e2838b0.jpg,f6/f658e07c56c16b2090532f90b608c10c.png,0
72,58/5853282252fb51551db31fd9d3fe2afa.png,fa/fa2be120402cdfa55bd5bd6260c6f6cb.png,1
73,5a/5a51dc96fea5d88843b50701c5ee6a55.png,25/25b3ea90e61236a2fc994c1547b440c6.png,1
74,5b/5b0c1e5c9dbba09a64aac11e13e593c2.jpg,e4/e46372e1ad16678aeffc405d79efde54.jpg,0
75,5b/5b2925b52139d159d6d84fb86e81c3ee.jpg,fa/fa490386def4b8f87b1fb74fa4bac271.png,0
76,5b/5b68a259e145867083f16d5307463021.png,43/434e77753442b25d6465bc4505125e11.png,1
77,5c/5c40b94938e9cf30e748d9018a890f33.jpg,55/5582219dc07aa90380c0ec9891a85246.png,1
78,5c/5cdb417a54e7b1ebc4ab0723d380823f.jpg,74/744d52e71560a9c08bd78ae66b23d9b4.jpg,0
79,5d/5df1e84778f4b5de501480e9bceb1d42.jpg,ed/edb2ae6f1b9f042d043ab17f079428b5.jpg,1
80,5e/5e3438c8db5ce88feb7b7f554c2144c5.png,84/842ee1d657910df46a8978fba92f91a8.png,1
81,5f/5f95a170f11ccdcbe9ac3587caf05928.jpg,b4/b4454daff085384c3839c425e085cd7e.png,0
82,60/6058e1a3eb8ebb94265a4ef3ba2fa342.png,10/10fe8372a495bdf0ec743e1cb9dcde81.png,1
83,60/6073b732cb17f18a8c29d101f01d4c09.png,b4/b4c15e6637513044b93d624ccb309c69.png,1
84,60/608cd02c9fecb4f74636c77f0273e3a8.jpg,cf/cfe64435b65ee388560112a2444d4e6b.jpg,0
85,60/60c1a51e05f219a82e67c360bac389a1.jpg,4c/4c83ec1c3787b649014b978ebd7875f3.jpg,1
86,61/61f75977c86b3820af3a563baee8dff1.png,12/12cb20603bb8d8b6761019bc64d5c385.png,1
87,67/6731d2f0ab022c203aab5ca7d47278be.jpg,12/12860b8c9fb6b5fd5c17607e4055e386.jpg,0
88,6e/6e2f921662901c933f8c7a34ea47ed32.png,68/68f6d88143621928530aab1d5f0e8343.png,1
89,6e/6ece610ec613ee9aa9f460c49a2a69ee.png,73/7303938cc20125c193fb42c3b93c7f5b.png,0
90,6f/6f737a6d48f774bf6d850ad9add328ee.jpg,a5/a58732a42442cd6c30be2779d212a358.jpg,0
91,6f/6f73a971610da437aa16e97a716f7d61.jpg,76/76cbbba5e4513457d169f3c37cbf5495.png,1
92,70/7036bf21b0a440f7db76cc99a219daf4.jpg,7d/7d478d21071dd93419d743aa2e8d07bd.jpg,1
93,72/72bbe12d7ec0849dff78baf36ca1cf45.jpeg,fb/fbc07b347293f0b7e79d397bdf6da68f.jpg,1
94,75/750d996c5b89a5fef6a84fb380041f02.png,eb/ebec85b10d0615018f68493829e232e0.png,0
95,75/75331d9cb76ef1a3dc34df74a7918f4a.jpg,de/defb07ed6c765e5649643f1f1c084500.png,0
96,75/75e456711bdef24d65a4f67fc6017acf.png,be/be2c105030cd8ee4edfe81124034eba6.png,0
97,77/773bc44aadc8804dcf54a59abc139c1b.png,6e/6e25de583fcfc8648d347e5ab06ada25.png,0
98,78/78cef31d12cc4744f74a2bdbf826ba41.jpg,20/20008cba16253174132e2ae8c973d9a5.jpg,1
99,79/797497d061a2888b6df6c1e66cb36c53.jpg,4d/4dad3a396177729eebb5fac014ab031e.jpg,0
100,7b/7bfabb9031274cf42b7582dde343ef6b.jpg,d4/d4163e3bbd0d3da25767327bd1310f83.png,0
101,7c/7c0eccffefc31f6d28edad483662ac03.jpg,25/252dc202a388561ecd08c3755e9ed094.jpg,1
102,7c/7c880c30e3c79c315d720816a132b526.jpg,e9/e9b27c4040fdda44deb753a547958fd0.jpg,0
103,7c/7cf3bf2ccad8cb5ee5fd191c73dfa622.jpg,e1/e1b1335a469950d6af0b37ca960d974e.jpg,1
104,7d/7d8f24088db847a2aeef5abb77f41abf.jpg,97/978dab41c0eb50e372479dff0bc205fe.jpg,0
105,7d/7db715be5cbf4ddb1db2dd7fa888300b.jpg,46/46637d2e46d8a56098cb4e8dbffb730e.jpg,1
106,7d/7dedb8a825d383e5d9bde0f2cbaf551c.png,65/65079e61f126a3d57a8492ef80304811.png,1
107,7e/7ec7ed48e0d3c9df2d46b590187e7328.png,88/88a7c4258bcc91d761c809e243a0935a.png,0
108,80/80688387e246f3bfb578d419b78ec524.jpg,14/14e9eff8dda955e1c643999823ecfd77.png,1
109,81/8177f96b53cea3e1ed9fb0d4e1dd1b64.jpg,0f/0f2e2546b4aa95f72de76a0d0e4e31a3.jpg,0
110,82/8246905f55d1fcfa97f3ccfa5739d668.png,9d/9d22b62ead2aa1abca18db9d8ad29926.jpg,1
111,82/826b1a520bc4ad2b74a0763091921b82.jpg,09/0958b7545ad7acb699a193f11d626056.png,1
112,83/834eab14fe5e35cbc7882a7167e0206d.jpg,ab/ab3de79244d2ad7042fd7a26c9dfebe1.jpg,1
113,83/836d3ac22444260ea9e75104a6e211d0.jpg,4b/4b0588dfd0991f9428a74d37950bda4c.png,1
114,85/85a49ff00cadbddf62ef6c67cebb477e.jpg,a6/a605961a82b47cee2e8c17a894e37821.png,0
115,86/8695dc8564ae7af02a58f18c5525dd21.jpg,6f/6fbd68495c16708ea80626484d8ba0ef.jpg,0
116,8b/8b13d728c9d03438092251d22872784d.jpg,17/17a9592c2ec2cb679764621d1b53520d.jpg,0
117,8b/8b6b9eb8f04c214babf8d4b271e0559a.jpg,4b/4b792a9b1f22d06dea50c9a55fa68250.png,1
118,8d/8d758352d16cb99a9e6fb525242fad0d.jpg,fc/fcdaa845d65599d64b1a995cf28292cb.png,0
119,8e/8e20ed777d320d0a4f22ddf84c6a6935.jpg,c4/c4c2a32b85921045f0db25da9c79834e.jpg,0
120,90/90ed2baaffea7e8f76e07c40700ff20c.png,6d/6d3f660343d78081ca20bf764d4a921f.png,1
121,90/90f4dfc45a8b2513847f8c947954c20b.jpg,d0/d0a54ed87ef52959ae2313535bfed9a0.jpg,1
122,91/91c53efc5ab57d9ea366fc9f3d99fd69.jpg,43/436d3ca9e8dd8d9246529caaeb728b2a.jpg,1
123,93/93587f36a6d8741879631958a64ba758.jpg,36/36b8a56f29236d7c565619b69e8713e2.png,0
124,95/950df66f1f2db7c02795156d2c5195e3.jpg,3a/3af2fa444c5bdac03a4819e841c390ee.png,1
125,95/957662bb9f79fde6a862d2d66a555219.jpg,a6/a65661e06492f4f3718fb671ba13ca47.jpg,0
126,96/9612515e855ed85f965260b3edb1623c.jpg,49/49f80954c9d629572ea39c0ac533566b.png,0
127,97/976cd7d15592983da467052dbac47a59.png,17/178e7d8fbcb5f50b545dc0c4550a7e3d.png,0
128,97/97b9ba73ca88c41a2652fb54e425d426.jpg,3c/3cff73e238f1034e22a5dea3d2912875.png,0
129,98/988561a10ac95bca6510187363b64229.jpg,ee/eeba8ae74491d50adec3c101cbf8ad54.png,1
130,98/98e6084a9dc208060708d553f86ce614.jpg,4e/4ea16a95219d4a3e74d1cfea99475e40.png,0
131,99/993dcbbe507f5e201d1922f4fe8ffb7f.png,b8/b8ba57857a59791f1245061ad31f6662.png,0
132,99/99601e10da8be2605811377dfd2b97cf.jpg,33/3307d46446edff7fd7be97fb4de3edf7.png,1
133,9a/9afe4a7514c63365e71259e895bc6b84.jpg,0c/0cb7ee3015c7a4f03014169b820a3bd3.png,0
134,9c/9c0b19fd981a3e7de2a0bffde4f3ac4f.png,06/06af6fe06973bd7624a43b36dbb670e7.png,0
135,9c/9cf79d2b173e1e2f880906440623f93a.png,72/72dcf1d55f0b3f8aa9b15bb052beab01.png,0
136,9e/9e18b9f4bdd79aed154d269ade8b445c.png,cf/cf29eba9c4e69ee44ebd7f26510333cf.jpg,1
137,9f/9f3581f9aec9a837803943cd6f7dcdc1.png,0e/0ebed444b3076a9f7b9d4273b256974d.jpg,0
138,9f/9fb94b26f2702497918063f2cd503a85.jpg,b5/b5adec857bc753e3961b3be4be88e323.png,0
139,a0/a0b5fbe63eacd9490a393e714aaebdb2.jpg,7a/7a70f63bef3d30d47a4c10d50ee33b14.png,0
140,a2/a2a3cbb228e934039a48a032df16edcc.jpg,7b/7be8c326b55413c5248c153a27e00310.jpg,1
141,a3/a3899025fe65a70a905f2836300dd450.jpg,82/825ba890fe2217d678531efec4ccff68.png,0
142,a4/a42c36461a90bdb3f6896964a97b3256.jpg,f5/f5f08b8a78cb8230271205fa3ce47cf4.jpg,0
143,a4/a4abf5f18232f342f59cddaa73e81712.JPG,92/924edccc40c660be079e49844c14faa7.jpg,0
144,a6/a638e60598626282b79bb65ae39d1d0c.jpg,83/8328b2bb300c963297b72aabae90d1aa.jpg,1
145,a8/a88a616153f157fb92cb95fdd6871ff7.png,2e/2eb5ae68810d697db4edbb03f08ebf18.png,0
146,a9/a903a35b98188dba22248d6a923a8b78.png,aa/aad73838b60c0d7a897873b1d0ea39c8.png,1
147,aa/aa171bc839d05deb9bb15b89ec1d3656.jpg,14/145e00ed7fb87c0a7701c7f736b96914.png,0
148,aa/aa248e5ae7b6e8ab53ff81d765ea3fd2.png,fe/fec3d5f923bc0f5d3ea572aba49ce219.png,1
149,aa/aa7d453b7156c241aa40d0727cfe61f5.png,fd/fdcd2c63db8e3d6c33489a6bccd3dff0.png,0
150,aa/aa9295e180d2e2f4c8083c76feaf3fba.jpg,a6/a6f2646bfc361b12952d778fcf9b0884.jpg,0
151,aa/aac108a279e508e15292d55bfa6e2478.jpg,1b/1bcc767b0cfa098e534853ecbaf0a283.jpg,1
152,ac/ac8a21cb72f72de3072d84c249e58a3f.jpg,a3/a31e77ce3ceeeb9284892df806fdfe46.png,0
153,b1/b1843001740de9fabe92ff43a312a82f.jpg,f3/f30971fffa32880967d9d12826268b7c.jpg,0
154,b4/b4fe02fd05204430b6d8199921f8cea0.png,11/110c78c766e3419c8c7603c568ce5b78.png,1
155,b7/b7fe91e1cdda73a8da52c961f06de81b.jpg,49/4943316e76de7d2ab42660ff9a9c64fc.jpg,1
156,b8/b89c435e0c354b56969b343b824ec435.png,a4/a41e077bffc175a8df866fc0ec858331.png,1
157,bb/bb9a69ba4793581e9a0213eab7b54b9d.png,bb/bb6f93d31a9f509f174e8c334ab0b476.png,0
158,bd/bd25f56e72ec5ae61b97d5fcc21ad657.jpg,b8/b8e04959c5afbdacdc4d8462ad4c3a5b.jpg,0
159,be/be988747089a8681cb4f4f0e9248dc98.jpg,70/703f775f22e39205e5a30e124f051ff0.jpg,1
160,c0/c022df2a879101a09f9006bde435d052.jpg,f8/f892734bdeb669825ce3b0914ee4321f.png,0
161,c1/c1311b2bb2209b35af82f17a71f498d6.jpg,0d/0d1dfe1458e9832e6034aec1b4784149.jpg,0
162,c2/c24e30d1766cdf888fe261c3cc19e9a1.png,ec/ec24f671bd95f175ec0409108dedfea2.png,0
163,c2/c2806fb40ceb26e3f419627415517519.jpg,47/474edc7177e54c55e418c264d9867177.png,0
164,c3/c32861ce563e713638a66441d74fb520.png,39/39610298b70714129092eefaf64fc5b8.png,0
165,c9/c90fbaa8028b689f5f25fd075b86856a.png,85/8597f70f648d051de2347de46ced46bb.png,1
166,ca/ca2977049ff90bcda8708d657ac3ac59.jpg,d8/d8ef6d48c6b34d5c4bbf222020e3772a.png,0
167,ca/cab8c6e92d2d327835106e2a277533ea.jpg,a1/a1da475d25b4524ab4f4cc7a511e7e2f.jpg,0
168,cb/cbb74a94075b52f10c1455989909df62.jpg,1b/1be0ee3c7da1fde00f022c13cb29f243.png,0
169,d0/d07b81396876bf3db09f2f85d821d16f.png,9d/9dd0f11960b27d41fd02d14e9b03c5aa.jpg,0
170,d2/d221c218618deb0d9d8679650b5cafbb.jpg,2b/2b17166a7af34f4266c92d6d0068ed2f.jpg,1
171,d3/d380ed91680a871856d6337c7a527e8f.jpg,f8/f8b3f339916bfa48cb54a7cb2a1a0296.jpg,1
172,d3/d3fe88f3980d01adc06cb8405eea0c65.jpg,c8/c8033812d0b2a231aca9cdcab6e96424.jpg,0
173,d4/d4012934aff8b1d93f2575b281a6bbc7.jpg,50/50f210789a1d7b10ef22c779e24433f4.jpg,0
174,d4/d4b10bc7f27c57f5505a7f5db4efc680.jpg,23/231499c339963717aa729ddca5c636cc.jpg,1
175,d6/d6562987616a8cca9c03c72aac1b8d4a.jpg,41/415eb759ccd984ad8d774cf78b46a9d9.png,1
176,d9/d9f0844b8ea3ce6b09e4f48e59bd776f.jpg,a4/a4ab7b9a6ae650c6354096a97d7a90a9.jpg,1
177,db/db2ade8521debeb4ff9c66e4e20347b6.png,66/6649b8188d896daf2705a0d219b27756.png,1
178,db/db7153bed09d43504333df97db7b0ade.jpg,61/613ee0bf16a4cf11d0abac19781e43bb.png,1
179,db/db79be73ec356ef3480d9bceaa7e427b.jpg,f3/f3f3c204cd8752e6b470c9f04389d2e7.png,1
180,db/db8c8076cfae39780d3fe937edcf0870.jpg,f3/f3493a28522e8c7028ee74ac1d7aaa51.jpg,1
181,db/dbe17d06085825fa4e542430c357a2cf.jpg,f1/f151ff375248054d75578d444ddb3fd2.jpg,1
182,dd/dd7e6f1d3919a5c1135a10f59b6fbe97.png,48/48e903963b4fbb552f03b4a0d5b12ce4.jpg,0
183,de/de8d6695fd69e218e412ade1a977ad25.png,93/93634c1e6a5c215cb286d4f234589f15.png,0
184,df/df26bad193344b7e9774df16b8e69415.jpeg,a4/a47246b912c0c91e3e2486972c6fb30f.png,0
185,e0/e087853321b19a5dbc2408ae8a2d15fa.png,90/9026ec9d84bde5df90d7a56116fe6031.jpeg,0
186,e0/e0e6cf0c94d9211d6ece504f1fc4d094.png,0f/0f648278010f059e15d480157b9ffe0a.JPG,0
187,e1/e160643d38562a64fc0150c278010e08.jpg,56/56d7ea79a880855180da9992faf1fd78.jpg,1
188,e2/e233d61bcb8733a101bec54c63eb41ed.jpg,fd/fdfce5bb3660c39ddabbc391c56dbe23.png,1
189,e4/e4115bcb977804c5d5f3c1edb512b428.jpg,74/74744cdeb7522c15686be4c5b6bf1fcb.png,0
190,e4/e496627aa89102f32aa72cdf5b3f10c3.jpg,85/85a98edf5a23636451f8ed34ee00ddbf.jpg,0
191,ee/ee68953a6de26033a9e8b840bcba6490.jpg,a7/a72f232491a6f75c057061f2c0a2be83.jpg,0
192,ef/ef83ba5a2c896be13261cbdc8880a06d.jpg,89/896801dac4e56d11a3e7b53a765295e2.png,1
193,f0/f019a377e760cd273df299bca47a13ff.jpg,30/30c6a0ab4bd9a773d5256ec606c0f100.jpg,0
194,f1/f1ee19c019a76840fde8a17a9c58f5d3.jpg,98/98961b377e9f468cfcf96c76a9af0e99.jpg,1
195,f2/f2319fc63c68f2069ca2477765eb4c73.jpg,26/26af7af4f1a645d1209326f2ba6282ec.png,0
196,f6/f604ca47845ce350c35ac90ce7e74bf7.png,cd/cd5c4eee574ea5be28db341f4feca55f.png,1
197,f7/f73f7ff2948e3bc4d05ce7a1f1590e83.jpg,27/2744ceac02aa75340bd49126894f30fe.jpg,1
198,fb/fb79ca400556b193d6b29e7f7dd78b81.png,b6/b69ff57174e6a28b7726e78f8ae26480.jpg,0
199,fe/fe379291c8d8534f41cec409c6743a09.png,9a/9a56ea66e1d87951cf71828696fa5e1e.jpg,0
200,fe/fe8ebb69b7875916245fd7808969033b.png,88/885fbe17c6f4a425d9db52d4e8c27a0e.jpg,0
